Source URL,Target URL,Status,Parameters
https://www.magicmirrorbrooklyn.com/services/,https://www.magicmirrorbrooklyn.com,301,
https://www.magicmirrorbrooklyn.com/services,https://www.magicmirrorbrooklyn.com,301,
https://www.magicmirrorbrooklyn.com/services/corporate-experience/,https://www.magicmirrorbrooklyn.com/corporate-events,301,
https://www.magicmirrorbrooklyn.com/services/corporate-experience,https://www.magicmirrorbrooklyn.com/corporate-events,301,
https://www.magicmirrorbrooklyn.com/services/corporate-experience/ai-photobooth/,https://www.magicmirrorbrooklyn.com/ai-photo-booth,301,
https://www.magicmirrorbrooklyn.com/services/corporate-experience/ai-photobooth,https://www.magicmirrorbrooklyn.com/ai-photo-booth,301,
https://www.magicmirrorbrooklyn.com/services/corporate-experience/3d-slider-booth-experience/,https://www.magicmirrorbrooklyn.com/3d-slider-booth,301,
https://www.magicmirrorbrooklyn.com/services/corporate-experience/3d-slider-booth-experience,https://www.magicmirrorbrooklyn.com/3d-slider-booth,301,
https://www.magicmirrorbrooklyn.com/services/corporate-experience/gif-booth/,https://www.magicmirrorbrooklyn.com/gif-booth,301,
https://www.magicmirrorbrooklyn.com/services/corporate-experience/gif-booth,https://www.magicmirrorbrooklyn.com/gif-booth,301,
https://www.magicmirrorbrooklyn.com/services/corporate-experience/360-video-booth/,https://www.magicmirrorbrooklyn.com/360-photo-booth,301,
https://www.magicmirrorbrooklyn.com/services/corporate-experience/360-video-booth,https://www.magicmirrorbrooklyn.com/360-photo-booth,301,
https://www.magicmirrorbrooklyn.com/services/corporate-experience/green-screen-booth-experience/,https://www.magicmirrorbrooklyn.com/green-screen-photo-booth,301,
https://www.magicmirrorbrooklyn.com/services/corporate-experience/green-screen-booth-experience,https://www.magicmirrorbrooklyn.com/green-screen-photo-booth,301,
https://www.magicmirrorbrooklyn.com/services/corporate-experience/magazine-booth/,https://www.magicmirrorbrooklyn.com/magazine-booth,301,
https://www.magicmirrorbrooklyn.com/services/corporate-experience/magazine-booth,https://www.magicmirrorbrooklyn.com/magazine-booth,301,
https://www.magicmirrorbrooklyn.com/services/corporate-experience/mosaic-photo-wall/,https://www.magicmirrorbrooklyn.com/mosaic-wall,301,
https://www.magicmirrorbrooklyn.com/services/corporate-experience/mosaic-photo-wall,https://www.magicmirrorbrooklyn.com/mosaic-wall,301,
https://www.magicmirrorbrooklyn.com/services/corporate-experience/roaming-experience/,https://www.magicmirrorbrooklyn.com/roaming-photo-booth,301,
https://www.magicmirrorbrooklyn.com/services/corporate-experience/roaming-experience,https://www.magicmirrorbrooklyn.com/roaming-photo-booth,301,
https://www.magicmirrorbrooklyn.com/services/corporate-experience/vogue-booth-corporate/,https://www.magicmirrorbrooklyn.com/vogue-booth,301,
https://www.magicmirrorbrooklyn.com/services/corporate-experience/vogue-booth-corporate,https://www.magicmirrorbrooklyn.com/vogue-booth,301,
https://www.magicmirrorbrooklyn.com/services/corporate-experience/studion-booth-corporate/,https://www.magicmirrorbrooklyn.com/studio-booth,301,
https://www.magicmirrorbrooklyn.com/services/corporate-experience/studion-booth-corporate,https://www.magicmirrorbrooklyn.com/studio-booth,301,
https://www.magicmirrorbrooklyn.com/services/corporate-experience/champagne-experience/,https://www.magicmirrorbrooklyn.com/champagne-wall,301,
https://www.magicmirrorbrooklyn.com/services/corporate-experience/champagne-experience,https://www.magicmirrorbrooklyn.com/champagne-wall,301,
https://www.magicmirrorbrooklyn.com/services/corporate-experience/branded-photobooth/,https://www.magicmirrorbrooklyn.com/branded-photo-booth,301,
https://www.magicmirrorbrooklyn.com/services/corporate-experience/branded-photobooth,https://www.magicmirrorbrooklyn.com/branded-photo-booth,301,
https://www.magicmirrorbrooklyn.com/services/weddings/,https://www.magicmirrorbrooklyn.com/wedding-photo-booth,301,
https://www.magicmirrorbrooklyn.com/services/weddings,https://www.magicmirrorbrooklyn.com/wedding-photo-booth,301,
https://www.magicmirrorbrooklyn.com/services/weddings/360-photo-experience/,https://www.magicmirrorbrooklyn.com/360-photo-booth,301,
https://www.magicmirrorbrooklyn.com/services/weddings/360-photo-experience,https://www.magicmirrorbrooklyn.com/360-photo-booth,301,
https://www.magicmirrorbrooklyn.com/services/weddings/flower-wall-experience/,https://www.magicmirrorbrooklyn.com/flower-wall-rental,301,
https://www.magicmirrorbrooklyn.com/services/weddings/flower-wall-experience,https://www.magicmirrorbrooklyn.com/flower-wall-rental,301,
https://www.magicmirrorbrooklyn.com/services/weddings/flower-wall-experience/flower-arch/,https://www.magicmirrorbrooklyn.com/flower-wall-rental,301,
https://www.magicmirrorbrooklyn.com/services/weddings/flower-wall-experience/flower-arch,https://www.magicmirrorbrooklyn.com/flower-wall-rental,301,
https://www.magicmirrorbrooklyn.com/services/weddings/flower-wall-experience/flower-booth/,https://www.magicmirrorbrooklyn.com/flower-wall-rental,301,
https://www.magicmirrorbrooklyn.com/services/weddings/flower-wall-experience/flower-booth,https://www.magicmirrorbrooklyn.com/flower-wall-rental,301,
https://www.magicmirrorbrooklyn.com/services/weddings/flower-wall-experience/flower-wall/,https://www.magicmirrorbrooklyn.com/flower-wall-rental,301,
https://www.magicmirrorbrooklyn.com/services/weddings/flower-wall-experience/flower-wall,https://www.magicmirrorbrooklyn.com/flower-wall-rental,301,
https://www.magicmirrorbrooklyn.com/services/weddings/champagne-wall/,https://www.magicmirrorbrooklyn.com/champagne-wall,301,
https://www.magicmirrorbrooklyn.com/services/weddings/champagne-wall,https://www.magicmirrorbrooklyn.com/champagne-wall,301,
https://www.magicmirrorbrooklyn.com/services/weddings/glam-booth/,https://www.magicmirrorbrooklyn.com/glam-booth,301,
https://www.magicmirrorbrooklyn.com/services/weddings/glam-booth,https://www.magicmirrorbrooklyn.com/glam-booth,301,
https://www.magicmirrorbrooklyn.com/services/weddings/magazine-booth/,https://www.magicmirrorbrooklyn.com/magazine-booth,301,
https://www.magicmirrorbrooklyn.com/services/weddings/magazine-booth,https://www.magicmirrorbrooklyn.com/magazine-booth,301,
https://www.magicmirrorbrooklyn.com/services/weddings/mirror-experience/,https://www.magicmirrorbrooklyn.com/mirror-photo-booth,301,
https://www.magicmirrorbrooklyn.com/services/weddings/mirror-experience,https://www.magicmirrorbrooklyn.com/mirror-photo-booth,301,
https://www.magicmirrorbrooklyn.com/services/weddings/mosaic-photo-wall-corporate/,https://www.magicmirrorbrooklyn.com/mosaic-wall,301,
https://www.magicmirrorbrooklyn.com/services/weddings/mosaic-photo-wall-corporate,https://www.magicmirrorbrooklyn.com/mosaic-wall,301,
https://www.magicmirrorbrooklyn.com/services/weddings/roaming-booth/,https://www.magicmirrorbrooklyn.com/roaming-photo-booth,301,
https://www.magicmirrorbrooklyn.com/services/weddings/roaming-booth,https://www.magicmirrorbrooklyn.com/roaming-photo-booth,301,
https://www.magicmirrorbrooklyn.com/services/weddings/vogue-booth/,https://www.magicmirrorbrooklyn.com/vogue-booth,301,
https://www.magicmirrorbrooklyn.com/services/weddings/vogue-booth,https://www.magicmirrorbrooklyn.com/vogue-booth,301,
https://www.magicmirrorbrooklyn.com/services/brand-activation/,https://www.magicmirrorbrooklyn.com/branded-photo-booth,301,
https://www.magicmirrorbrooklyn.com/services/brand-activation,https://www.magicmirrorbrooklyn.com/branded-photo-booth,301,
https://www.magicmirrorbrooklyn.com/services/branded-booth/,https://www.magicmirrorbrooklyn.com/branded-photo-booth,301,
https://www.magicmirrorbrooklyn.com/services/branded-booth,https://www.magicmirrorbrooklyn.com/branded-photo-booth,301,
https://www.magicmirrorbrooklyn.com/services/trade-show-experiences/,https://www.magicmirrorbrooklyn.com/trade-show-photo-booth,301,
https://www.magicmirrorbrooklyn.com/services/trade-show-experiences,https://www.magicmirrorbrooklyn.com/trade-show-photo-booth,301,
https://www.magicmirrorbrooklyn.com/services/custom-signs-services/,https://www.magicmirrorbrooklyn.com/contact,301,
https://www.magicmirrorbrooklyn.com/services/custom-signs-services,https://www.magicmirrorbrooklyn.com/contact,301,
https://www.magicmirrorbrooklyn.com/services/custom-signs-services/acrylic-sign/,https://www.magicmirrorbrooklyn.com/contact,301,
https://www.magicmirrorbrooklyn.com/services/custom-signs-services/acrylic-sign,https://www.magicmirrorbrooklyn.com/contact,301,
https://www.magicmirrorbrooklyn.com/services/custom-signs-services/neon-sign/,https://www.magicmirrorbrooklyn.com/contact,301,
https://www.magicmirrorbrooklyn.com/services/custom-signs-services/neon-sign,https://www.magicmirrorbrooklyn.com/contact,301,
https://www.magicmirrorbrooklyn.com/services/custom-signs-services/pvc-sign/,https://www.magicmirrorbrooklyn.com/contact,301,
https://www.magicmirrorbrooklyn.com/services/custom-signs-services/pvc-sign,https://www.magicmirrorbrooklyn.com/contact,301,
https://www.magicmirrorbrooklyn.com/services/custom-signs-services/wooden-sign/,https://www.magicmirrorbrooklyn.com/contact,301,
https://www.magicmirrorbrooklyn.com/services/custom-signs-services/wooden-sign,https://www.magicmirrorbrooklyn.com/contact,301,
https://www.magicmirrorbrooklyn.com/services/flower-walls/,https://www.magicmirrorbrooklyn.com/flower-wall-rental,301,
https://www.magicmirrorbrooklyn.com/services/flower-walls,https://www.magicmirrorbrooklyn.com/flower-wall-rental,301,
https://www.magicmirrorbrooklyn.com/services/ai-photobooth-experience/,https://www.magicmirrorbrooklyn.com/ai-photo-booth,301,
https://www.magicmirrorbrooklyn.com/services/ai-photobooth-experience,https://www.magicmirrorbrooklyn.com/ai-photo-booth,301,
https://www.magicmirrorbrooklyn.com/services/glambot/,https://www.magicmirrorbrooklyn.com/glambot,301,
https://www.magicmirrorbrooklyn.com/services/glambot,https://www.magicmirrorbrooklyn.com/glambot,301,
https://www.magicmirrorbrooklyn.com/services/event-rentals/,https://www.magicmirrorbrooklyn.com/corporate-events,301,
https://www.magicmirrorbrooklyn.com/services/event-rentals,https://www.magicmirrorbrooklyn.com/corporate-events,301,
https://www.magicmirrorbrooklyn.com/template-designs/,https://www.magicmirrorbrooklyn.com/gallery,301,
https://www.magicmirrorbrooklyn.com/template-designs,https://www.magicmirrorbrooklyn.com/gallery,301,
https://www.magicmirrorbrooklyn.com/about-us/,https://www.magicmirrorbrooklyn.com/about,301,
https://www.magicmirrorbrooklyn.com/about-us,https://www.magicmirrorbrooklyn.com/about,301,
https://www.magicmirrorbrooklyn.com/contact/,https://www.magicmirrorbrooklyn.com/contact,301,
https://www.magicmirrorbrooklyn.com/photo-booth-team-brooklyn/,https://www.magicmirrorbrooklyn.com/about,301,
https://www.magicmirrorbrooklyn.com/photo-booth-team-brooklyn,https://www.magicmirrorbrooklyn.com/about,301,
https://www.magicmirrorbrooklyn.com/blog/,https://www.magicmirrorbrooklyn.com,301,
https://www.magicmirrorbrooklyn.com/blog,https://www.magicmirrorbrooklyn.com,301,
https://www.magicmirrorbrooklyn.com/why-corporate-photo-booths-boost-engagement/,https://www.magicmirrorbrooklyn.com/corporate-events,301,
https://www.magicmirrorbrooklyn.com/why-corporate-photo-booths-boost-engagement,https://www.magicmirrorbrooklyn.com/corporate-events,301,
https://www.magicmirrorbrooklyn.com/glambot-red-carpet-experience/,https://www.magicmirrorbrooklyn.com/glambot,301,
https://www.magicmirrorbrooklyn.com/glambot-red-carpet-experience,https://www.magicmirrorbrooklyn.com/glambot,301,
https://www.magicmirrorbrooklyn.com/photo-booth-events/,https://www.magicmirrorbrooklyn.com/special-occasions,301,
https://www.magicmirrorbrooklyn.com/photo-booth-events,https://www.magicmirrorbrooklyn.com/special-occasions,301,
https://www.magicmirrorbrooklyn.com/luxury-wedding-photo-booth-ideas-guests-remember/,https://www.magicmirrorbrooklyn.com/wedding-photo-booth,301,
https://www.magicmirrorbrooklyn.com/luxury-wedding-photo-booth-ideas-guests-remember,https://www.magicmirrorbrooklyn.com/wedding-photo-booth,301,
https://www.magicmirrorbrooklyn.com/how-brand-activation-photo-booths-drive-real-consumer-engagement/,https://www.magicmirrorbrooklyn.com/branded-photo-booth,301,
https://www.magicmirrorbrooklyn.com/how-brand-activation-photo-booths-drive-real-consumer-engagement,https://www.magicmirrorbrooklyn.com/branded-photo-booth,301,
https://www.magicmirrorbrooklyn.com/top-10-reasons-to-rent-a-magic-mirror-photo-booth-for-your-event-in-brooklyn/,https://www.magicmirrorbrooklyn.com/mirror-photo-booth,301,
https://www.magicmirrorbrooklyn.com/top-10-reasons-to-rent-a-magic-mirror-photo-booth-for-your-event-in-brooklyn,https://www.magicmirrorbrooklyn.com/mirror-photo-booth,301,
https://www.magicmirrorbrooklyn.com/photo-booth-vs-magic-mirror-which-is-best-for-your-event/,https://www.magicmirrorbrooklyn.com/mirror-photo-booth,301,
https://www.magicmirrorbrooklyn.com/photo-booth-vs-magic-mirror-which-is-best-for-your-event,https://www.magicmirrorbrooklyn.com/mirror-photo-booth,301,
https://www.magicmirrorbrooklyn.com/magic-mirror-photo-booth-at-weddings-elevating-every-moment/,https://www.magicmirrorbrooklyn.com/wedding-photo-booth,301,
https://www.magicmirrorbrooklyn.com/magic-mirror-photo-booth-at-weddings-elevating-every-moment,https://www.magicmirrorbrooklyn.com/wedding-photo-booth,301,
https://www.magicmirrorbrooklyn.com/morbi-leo-urna-molestie-at-elementum-eu-facilisis/,https://www.magicmirrorbrooklyn.com,301,
https://www.magicmirrorbrooklyn.com/morbi-leo-urna-molestie-at-elementum-eu-facilisis,https://www.magicmirrorbrooklyn.com,301,
https://www.magicmirrorbrooklyn.com/donec-massa-sapien-faucibus-et-molestie/,https://www.magicmirrorbrooklyn.com,301,
https://www.magicmirrorbrooklyn.com/donec-massa-sapien-faucibus-et-molestie,https://www.magicmirrorbrooklyn.com,301,
https://www.magicmirrorbrooklyn.com/quis-hendrerit-dolor-magna-eget-ostilamus-lorem/,https://www.magicmirrorbrooklyn.com,301,
https://www.magicmirrorbrooklyn.com/quis-hendrerit-dolor-magna-eget-ostilamus-lorem,https://www.magicmirrorbrooklyn.com,301,
https://www.magicmirrorbrooklyn.com/cursus-inhac-habitasse-platea-dictumst-quisque/,https://www.magicmirrorbrooklyn.com,301,
https://www.magicmirrorbrooklyn.com/cursus-inhac-habitasse-platea-dictumst-quisque,https://www.magicmirrorbrooklyn.com,301,
https://www.magicmirrorbrooklyn.com/diam-volutpat-commodo-egestas-fringilla/,https://www.magicmirrorbrooklyn.com,301,
https://www.magicmirrorbrooklyn.com/diam-volutpat-commodo-egestas-fringilla,https://www.magicmirrorbrooklyn.com,301,
https://www.magicmirrorbrooklyn.com/porttitor-egetdolor-morbi-nonarcu-risusquis/,https://www.magicmirrorbrooklyn.com,301,
https://www.magicmirrorbrooklyn.com/porttitor-egetdolor-morbi-nonarcu-risusquis,https://www.magicmirrorbrooklyn.com,301,
https://www.magicmirrorbrooklyn.com/pulvinar-mattis-nunc-sedblandit-libero-volutpat/,https://www.magicmirrorbrooklyn.com,301,
https://www.magicmirrorbrooklyn.com/pulvinar-mattis-nunc-sedblandit-libero-volutpat,https://www.magicmirrorbrooklyn.com,301,
https://www.magicmirrorbrooklyn.com/tincidunt-augue-interdum-wuismod-pellentesque/,https://www.magicmirrorbrooklyn.com,301,
https://www.magicmirrorbrooklyn.com/tincidunt-augue-interdum-wuismod-pellentesque,https://www.magicmirrorbrooklyn.com,301,
https://www.magicmirrorbrooklyn.com/glambot-photo-video-capture-in-brooklyn-ny/,https://www.magicmirrorbrooklyn.com/photo-booth-rental-brooklyn,301,
https://www.magicmirrorbrooklyn.com/glambot-photo-video-capture-in-brooklyn-ny,https://www.magicmirrorbrooklyn.com/photo-booth-rental-brooklyn,301,
https://www.magicmirrorbrooklyn.com/glambot-photo-video-capture-in-manhattan-ny/,https://www.magicmirrorbrooklyn.com/photo-booth-rental-manhattan,301,
https://www.magicmirrorbrooklyn.com/glambot-photo-video-capture-in-manhattan-ny,https://www.magicmirrorbrooklyn.com/photo-booth-rental-manhattan,301,
https://www.magicmirrorbrooklyn.com/glambot-photo-video-capture-in-queens-ny/,https://www.magicmirrorbrooklyn.com/photo-booth-rental-queens,301,
https://www.magicmirrorbrooklyn.com/glambot-photo-video-capture-in-queens-ny,https://www.magicmirrorbrooklyn.com/photo-booth-rental-queens,301,
https://www.magicmirrorbrooklyn.com/glambot-photo-video-capture-in-bronx-ny/,https://www.magicmirrorbrooklyn.com/photo-booth-rental-bronx,301,
https://www.magicmirrorbrooklyn.com/glambot-photo-video-capture-in-bronx-ny,https://www.magicmirrorbrooklyn.com/photo-booth-rental-bronx,301,
https://www.magicmirrorbrooklyn.com/glambot-photo-video-capture-in-staten-island-ny/,https://www.magicmirrorbrooklyn.com/photo-booth-rental-staten-island,301,
https://www.magicmirrorbrooklyn.com/glambot-photo-video-capture-in-staten-island-ny,https://www.magicmirrorbrooklyn.com/photo-booth-rental-staten-island,301,
https://www.magicmirrorbrooklyn.com/glambot-photo-video-capture-in-new-york-city-ny/,https://www.magicmirrorbrooklyn.com,301,
https://www.magicmirrorbrooklyn.com/glambot-photo-video-capture-in-new-york-city-ny,https://www.magicmirrorbrooklyn.com,301,
https://www.magicmirrorbrooklyn.com/glambot-photo-video-capture-in-new-york-city/,https://www.magicmirrorbrooklyn.com,301,
https://www.magicmirrorbrooklyn.com/glambot-photo-video-capture-in-new-york-city,https://www.magicmirrorbrooklyn.com,301,
https://www.magicmirrorbrooklyn.com/flower-wall-photo-experience-in-brooklyn-ny/,https://www.magicmirrorbrooklyn.com/photo-booth-rental-brooklyn,301,
https://www.magicmirrorbrooklyn.com/flower-wall-photo-experience-in-brooklyn-ny,https://www.magicmirrorbrooklyn.com/photo-booth-rental-brooklyn,301,
https://www.magicmirrorbrooklyn.com/flower-wall-photo-experience-in-manhattan-ny/,https://www.magicmirrorbrooklyn.com/photo-booth-rental-manhattan,301,
https://www.magicmirrorbrooklyn.com/flower-wall-photo-experience-in-manhattan-ny,https://www.magicmirrorbrooklyn.com/photo-booth-rental-manhattan,301,
https://www.magicmirrorbrooklyn.com/flower-wall-photo-experience-in-queens-ny/,https://www.magicmirrorbrooklyn.com/photo-booth-rental-queens,301,
https://www.magicmirrorbrooklyn.com/flower-wall-photo-experience-in-queens-ny,https://www.magicmirrorbrooklyn.com/photo-booth-rental-queens,301,
https://www.magicmirrorbrooklyn.com/flower-wall-photo-experience-in-bronx-ny/,https://www.magicmirrorbrooklyn.com/photo-booth-rental-bronx,301,
https://www.magicmirrorbrooklyn.com/flower-wall-photo-experience-in-bronx-ny,https://www.magicmirrorbrooklyn.com/photo-booth-rental-bronx,301,
https://www.magicmirrorbrooklyn.com/flower-wall-photo-experience-in-staten-island-ny/,https://www.magicmirrorbrooklyn.com/photo-booth-rental-staten-island,301,
https://www.magicmirrorbrooklyn.com/flower-wall-photo-experience-in-staten-island-ny,https://www.magicmirrorbrooklyn.com/photo-booth-rental-staten-island,301,
https://www.magicmirrorbrooklyn.com/flower-wall-photo-experience-in-new-york-city-ny/,https://www.magicmirrorbrooklyn.com,301,
https://www.magicmirrorbrooklyn.com/flower-wall-photo-experience-in-new-york-city-ny,https://www.magicmirrorbrooklyn.com,301,
https://www.magicmirrorbrooklyn.com/flower-wall-photo-experience-in-new-york-city/,https://www.magicmirrorbrooklyn.com,301,
https://www.magicmirrorbrooklyn.com/flower-wall-photo-experience-in-new-york-city,https://www.magicmirrorbrooklyn.com,301,
https://www.magicmirrorbrooklyn.com/custom-photo-signage-backdrops-in-brooklyn-ny/,https://www.magicmirrorbrooklyn.com/photo-booth-rental-brooklyn,301,
https://www.magicmirrorbrooklyn.com/custom-photo-signage-backdrops-in-brooklyn-ny,https://www.magicmirrorbrooklyn.com/photo-booth-rental-brooklyn,301,
https://www.magicmirrorbrooklyn.com/custom-photo-signage-backdrops-in-manhattan-ny/,https://www.magicmirrorbrooklyn.com/photo-booth-rental-manhattan,301,
https://www.magicmirrorbrooklyn.com/custom-photo-signage-backdrops-in-manhattan-ny,https://www.magicmirrorbrooklyn.com/photo-booth-rental-manhattan,301,
https://www.magicmirrorbrooklyn.com/custom-photo-signage-backdrops-in-queens-ny/,https://www.magicmirrorbrooklyn.com/photo-booth-rental-queens,301,
https://www.magicmirrorbrooklyn.com/custom-photo-signage-backdrops-in-queens-ny,https://www.magicmirrorbrooklyn.com/photo-booth-rental-queens,301,
https://www.magicmirrorbrooklyn.com/custom-photo-signage-backdrops-in-bronx-ny/,https://www.magicmirrorbrooklyn.com/photo-booth-rental-bronx,301,
https://www.magicmirrorbrooklyn.com/custom-photo-signage-backdrops-in-bronx-ny,https://www.magicmirrorbrooklyn.com/photo-booth-rental-bronx,301,
https://www.magicmirrorbrooklyn.com/custom-photo-signage-backdrops-in-staten-island-ny/,https://www.magicmirrorbrooklyn.com/photo-booth-rental-staten-island,301,
https://www.magicmirrorbrooklyn.com/custom-photo-signage-backdrops-in-staten-island-ny,https://www.magicmirrorbrooklyn.com/photo-booth-rental-staten-island,301,
https://www.magicmirrorbrooklyn.com/custom-photo-signage-backdrops-in-new-york-city-ny/,https://www.magicmirrorbrooklyn.com,301,
https://www.magicmirrorbrooklyn.com/custom-photo-signage-backdrops-in-new-york-city-ny,https://www.magicmirrorbrooklyn.com,301,
https://www.magicmirrorbrooklyn.com/custom-photo-signage-backdrops-in-new-york-city/,https://www.magicmirrorbrooklyn.com,301,
https://www.magicmirrorbrooklyn.com/custom-photo-signage-backdrops-in-new-york-city,https://www.magicmirrorbrooklyn.com,301,
https://www.magicmirrorbrooklyn.com/event-photo-rentals-in-brooklyn-ny/,https://www.magicmirrorbrooklyn.com/photo-booth-rental-brooklyn,301,
https://www.magicmirrorbrooklyn.com/event-photo-rentals-in-brooklyn-ny,https://www.magicmirrorbrooklyn.com/photo-booth-rental-brooklyn,301,
https://www.magicmirrorbrooklyn.com/event-photo-rentals-in-manhattan-ny/,https://www.magicmirrorbrooklyn.com/photo-booth-rental-manhattan,301,
https://www.magicmirrorbrooklyn.com/event-photo-rentals-in-manhattan-ny,https://www.magicmirrorbrooklyn.com/photo-booth-rental-manhattan,301,
https://www.magicmirrorbrooklyn.com/event-photo-rentals-in-queens-ny/,https://www.magicmirrorbrooklyn.com/photo-booth-rental-queens,301,
https://www.magicmirrorbrooklyn.com/event-photo-rentals-in-queens-ny,https://www.magicmirrorbrooklyn.com/photo-booth-rental-queens,301,
https://www.magicmirrorbrooklyn.com/event-photo-rentals-in-bronx-ny/,https://www.magicmirrorbrooklyn.com/photo-booth-rental-bronx,301,
https://www.magicmirrorbrooklyn.com/event-photo-rentals-in-bronx-ny,https://www.magicmirrorbrooklyn.com/photo-booth-rental-bronx,301,
https://www.magicmirrorbrooklyn.com/event-photo-rentals-in-staten-island-ny/,https://www.magicmirrorbrooklyn.com/photo-booth-rental-staten-island,301,
https://www.magicmirrorbrooklyn.com/event-photo-rentals-in-staten-island-ny,https://www.magicmirrorbrooklyn.com/photo-booth-rental-staten-island,301,
https://www.magicmirrorbrooklyn.com/event-photo-rentals-in-new-york-city-ny/,https://www.magicmirrorbrooklyn.com,301,
https://www.magicmirrorbrooklyn.com/event-photo-rentals-in-new-york-city-ny,https://www.magicmirrorbrooklyn.com,301,
https://www.magicmirrorbrooklyn.com/event-photo-rentals-in-new-york-city/,https://www.magicmirrorbrooklyn.com,301,
https://www.magicmirrorbrooklyn.com/event-photo-rentals-in-new-york-city,https://www.magicmirrorbrooklyn.com,301,
https://www.magicmirrorbrooklyn.com/trade-show-photo-experiences-in-brooklyn-ny/,https://www.magicmirrorbrooklyn.com/photo-booth-rental-brooklyn,301,
https://www.magicmirrorbrooklyn.com/trade-show-photo-experiences-in-brooklyn-ny,https://www.magicmirrorbrooklyn.com/photo-booth-rental-brooklyn,301,
https://www.magicmirrorbrooklyn.com/trade-show-photo-experiences-in-manhattan-ny/,https://www.magicmirrorbrooklyn.com/photo-booth-rental-manhattan,301,
https://www.magicmirrorbrooklyn.com/trade-show-photo-experiences-in-manhattan-ny,https://www.magicmirrorbrooklyn.com/photo-booth-rental-manhattan,301,
https://www.magicmirrorbrooklyn.com/trade-show-photo-experiences-in-queens-ny/,https://www.magicmirrorbrooklyn.com/photo-booth-rental-queens,301,
https://www.magicmirrorbrooklyn.com/trade-show-photo-experiences-in-queens-ny,https://www.magicmirrorbrooklyn.com/photo-booth-rental-queens,301,
https://www.magicmirrorbrooklyn.com/trade-show-photo-experiences-in-bronx-ny/,https://www.magicmirrorbrooklyn.com/photo-booth-rental-bronx,301,
https://www.magicmirrorbrooklyn.com/trade-show-photo-experiences-in-bronx-ny,https://www.magicmirrorbrooklyn.com/photo-booth-rental-bronx,301,
https://www.magicmirrorbrooklyn.com/trade-show-photo-experiences-in-staten-island-ny/,https://www.magicmirrorbrooklyn.com/photo-booth-rental-staten-island,301,
https://www.magicmirrorbrooklyn.com/trade-show-photo-experiences-in-staten-island-ny,https://www.magicmirrorbrooklyn.com/photo-booth-rental-staten-island,301,
https://www.magicmirrorbrooklyn.com/trade-show-photo-experiences-in-new-york-city-ny/,https://www.magicmirrorbrooklyn.com,301,
https://www.magicmirrorbrooklyn.com/trade-show-photo-experiences-in-new-york-city-ny,https://www.magicmirrorbrooklyn.com,301,
https://www.magicmirrorbrooklyn.com/trade-show-photo-experiences-in-new-york-city/,https://www.magicmirrorbrooklyn.com,301,
https://www.magicmirrorbrooklyn.com/trade-show-photo-experiences-in-new-york-city,https://www.magicmirrorbrooklyn.com,301,
https://www.magicmirrorbrooklyn.com/ai-photo-booth-experience-in-brooklyn-ny/,https://www.magicmirrorbrooklyn.com/photo-booth-rental-brooklyn,301,
https://www.magicmirrorbrooklyn.com/ai-photo-booth-experience-in-brooklyn-ny,https://www.magicmirrorbrooklyn.com/photo-booth-rental-brooklyn,301,
https://www.magicmirrorbrooklyn.com/ai-photo-booth-experience-in-manhattan-ny/,https://www.magicmirrorbrooklyn.com/photo-booth-rental-manhattan,301,
https://www.magicmirrorbrooklyn.com/ai-photo-booth-experience-in-manhattan-ny,https://www.magicmirrorbrooklyn.com/photo-booth-rental-manhattan,301,
https://www.magicmirrorbrooklyn.com/ai-photo-booth-experience-in-queens-ny/,https://www.magicmirrorbrooklyn.com/photo-booth-rental-queens,301,
https://www.magicmirrorbrooklyn.com/ai-photo-booth-experience-in-queens-ny,https://www.magicmirrorbrooklyn.com/photo-booth-rental-queens,301,
https://www.magicmirrorbrooklyn.com/ai-photo-booth-experience-in-bronx-ny/,https://www.magicmirrorbrooklyn.com/photo-booth-rental-bronx,301,
https://www.magicmirrorbrooklyn.com/ai-photo-booth-experience-in-bronx-ny,https://www.magicmirrorbrooklyn.com/photo-booth-rental-bronx,301,
https://www.magicmirrorbrooklyn.com/ai-photo-booth-experience-in-staten-island-ny/,https://www.magicmirrorbrooklyn.com/photo-booth-rental-staten-island,301,
https://www.magicmirrorbrooklyn.com/ai-photo-booth-experience-in-staten-island-ny,https://www.magicmirrorbrooklyn.com/photo-booth-rental-staten-island,301,
https://www.magicmirrorbrooklyn.com/ai-photo-booth-experience-in-new-york-city-ny/,https://www.magicmirrorbrooklyn.com,301,
https://www.magicmirrorbrooklyn.com/ai-photo-booth-experience-in-new-york-city-ny,https://www.magicmirrorbrooklyn.com,301,
https://www.magicmirrorbrooklyn.com/ai-photo-booth-experience-in-new-york-city/,https://www.magicmirrorbrooklyn.com,301,
https://www.magicmirrorbrooklyn.com/ai-photo-booth-experience-in-new-york-city,https://www.magicmirrorbrooklyn.com,301,
https://www.magicmirrorbrooklyn.com/brand-activation-photo-experiences-in-brooklyn-ny/,https://www.magicmirrorbrooklyn.com/photo-booth-rental-brooklyn,301,
https://www.magicmirrorbrooklyn.com/brand-activation-photo-experiences-in-brooklyn-ny,https://www.magicmirrorbrooklyn.com/photo-booth-rental-brooklyn,301,
https://www.magicmirrorbrooklyn.com/brand-activation-photo-experiences-in-manhattan-ny/,https://www.magicmirrorbrooklyn.com/photo-booth-rental-manhattan,301,
https://www.magicmirrorbrooklyn.com/brand-activation-photo-experiences-in-manhattan-ny,https://www.magicmirrorbrooklyn.com/photo-booth-rental-manhattan,301,
https://www.magicmirrorbrooklyn.com/brand-activation-photo-experiences-in-queens-ny/,https://www.magicmirrorbrooklyn.com/photo-booth-rental-queens,301,
https://www.magicmirrorbrooklyn.com/brand-activation-photo-experiences-in-queens-ny,https://www.magicmirrorbrooklyn.com/photo-booth-rental-queens,301,
https://www.magicmirrorbrooklyn.com/brand-activation-photo-experiences-in-bronx-ny/,https://www.magicmirrorbrooklyn.com/photo-booth-rental-bronx,301,
https://www.magicmirrorbrooklyn.com/brand-activation-photo-experiences-in-bronx-ny,https://www.magicmirrorbrooklyn.com/photo-booth-rental-bronx,301,
https://www.magicmirrorbrooklyn.com/brand-activation-photo-experiences-in-staten-island-ny/,https://www.magicmirrorbrooklyn.com/photo-booth-rental-staten-island,301,
https://www.magicmirrorbrooklyn.com/brand-activation-photo-experiences-in-staten-island-ny,https://www.magicmirrorbrooklyn.com/photo-booth-rental-staten-island,301,
https://www.magicmirrorbrooklyn.com/brand-activation-photo-experiences-in-new-york-city-ny/,https://www.magicmirrorbrooklyn.com,301,
https://www.magicmirrorbrooklyn.com/brand-activation-photo-experiences-in-new-york-city-ny,https://www.magicmirrorbrooklyn.com,301,
https://www.magicmirrorbrooklyn.com/brand-activation-photo-experiences-in-new-york-city/,https://www.magicmirrorbrooklyn.com,301,
https://www.magicmirrorbrooklyn.com/brand-activation-photo-experiences-in-new-york-city,https://www.magicmirrorbrooklyn.com,301,
https://www.magicmirrorbrooklyn.com/corporate-photo-experiences-in-brooklyn-ny/,https://www.magicmirrorbrooklyn.com/photo-booth-rental-brooklyn,301,
https://www.magicmirrorbrooklyn.com/corporate-photo-experiences-in-brooklyn-ny,https://www.magicmirrorbrooklyn.com/photo-booth-rental-brooklyn,301,
https://www.magicmirrorbrooklyn.com/corporate-photo-experiences-in-manhattan-ny/,https://www.magicmirrorbrooklyn.com/photo-booth-rental-manhattan,301,
https://www.magicmirrorbrooklyn.com/corporate-photo-experiences-in-manhattan-ny,https://www.magicmirrorbrooklyn.com/photo-booth-rental-manhattan,301,
https://www.magicmirrorbrooklyn.com/corporate-photo-experiences-in-queens-ny/,https://www.magicmirrorbrooklyn.com/photo-booth-rental-queens,301,
https://www.magicmirrorbrooklyn.com/corporate-photo-experiences-in-queens-ny,https://www.magicmirrorbrooklyn.com/photo-booth-rental-queens,301,
https://www.magicmirrorbrooklyn.com/corporate-photo-experiences-in-bronx-ny/,https://www.magicmirrorbrooklyn.com/photo-booth-rental-bronx,301,
https://www.magicmirrorbrooklyn.com/corporate-photo-experiences-in-bronx-ny,https://www.magicmirrorbrooklyn.com/photo-booth-rental-bronx,301,
https://www.magicmirrorbrooklyn.com/corporate-photo-experiences-in-staten-island-ny/,https://www.magicmirrorbrooklyn.com/photo-booth-rental-staten-island,301,
https://www.magicmirrorbrooklyn.com/corporate-photo-experiences-in-staten-island-ny,https://www.magicmirrorbrooklyn.com/photo-booth-rental-staten-island,301,
https://www.magicmirrorbrooklyn.com/corporate-photo-experiences-in-new-york-city-ny/,https://www.magicmirrorbrooklyn.com,301,
https://www.magicmirrorbrooklyn.com/corporate-photo-experiences-in-new-york-city-ny,https://www.magicmirrorbrooklyn.com,301,
https://www.magicmirrorbrooklyn.com/corporate-photo-experiences-in-new-york-city/,https://www.magicmirrorbrooklyn.com,301,
https://www.magicmirrorbrooklyn.com/corporate-photo-experiences-in-new-york-city,https://www.magicmirrorbrooklyn.com,301,
https://www.magicmirrorbrooklyn.com/wedding-photo-experiences-in-brooklyn-ny/,https://www.magicmirrorbrooklyn.com/photo-booth-rental-brooklyn,301,
https://www.magicmirrorbrooklyn.com/wedding-photo-experiences-in-brooklyn-ny,https://www.magicmirrorbrooklyn.com/photo-booth-rental-brooklyn,301,
https://www.magicmirrorbrooklyn.com/wedding-photo-experiences-in-manhattan-ny/,https://www.magicmirrorbrooklyn.com/photo-booth-rental-manhattan,301,
https://www.magicmirrorbrooklyn.com/wedding-photo-experiences-in-manhattan-ny,https://www.magicmirrorbrooklyn.com/photo-booth-rental-manhattan,301,
https://www.magicmirrorbrooklyn.com/wedding-photo-experiences-in-queens-ny/,https://www.magicmirrorbrooklyn.com/photo-booth-rental-queens,301,
https://www.magicmirrorbrooklyn.com/wedding-photo-experiences-in-queens-ny,https://www.magicmirrorbrooklyn.com/photo-booth-rental-queens,301,
https://www.magicmirrorbrooklyn.com/wedding-photo-experiences-in-bronx-ny/,https://www.magicmirrorbrooklyn.com/photo-booth-rental-bronx,301,
https://www.magicmirrorbrooklyn.com/wedding-photo-experiences-in-bronx-ny,https://www.magicmirrorbrooklyn.com/photo-booth-rental-bronx,301,
https://www.magicmirrorbrooklyn.com/wedding-photo-experiences-in-staten-island-ny/,https://www.magicmirrorbrooklyn.com/photo-booth-rental-staten-island,301,
https://www.magicmirrorbrooklyn.com/wedding-photo-experiences-in-staten-island-ny,https://www.magicmirrorbrooklyn.com/photo-booth-rental-staten-island,301,
https://www.magicmirrorbrooklyn.com/wedding-photo-experiences-in-new-york-city-ny/,https://www.magicmirrorbrooklyn.com,301,
https://www.magicmirrorbrooklyn.com/wedding-photo-experiences-in-new-york-city-ny,https://www.magicmirrorbrooklyn.com,301,
https://www.magicmirrorbrooklyn.com/wedding-photo-experiences-in-new-york-city/,https://www.magicmirrorbrooklyn.com,301,
https://www.magicmirrorbrooklyn.com/wedding-photo-experiences-in-new-york-city,https://www.magicmirrorbrooklyn.com,301,
https://www.mirrormebrooklyn.com/index.php,https://www.magicmirrorbrooklyn.com,301,
https://www.mirrormebrooklyn.com/services.php,https://www.magicmirrorbrooklyn.com,301,
https://www.mirrormebrooklyn.com/products.php,https://www.magicmirrorbrooklyn.com/photo-booths,301,
https://www.mirrormebrooklyn.com/gallery.php,https://www.magicmirrorbrooklyn.com/gallery,301,
https://www.mirrormebrooklyn.com/gallery-list.php,https://www.magicmirrorbrooklyn.com/gallery,301,
https://www.mirrormebrooklyn.com/about.php,https://www.magicmirrorbrooklyn.com/about,301,
https://www.mirrormebrooklyn.com/faq.php,https://www.magicmirrorbrooklyn.com/faq,301,
https://www.mirrormebrooklyn.com/testimonials.php,https://www.magicmirrorbrooklyn.com/testimonials,301,
https://www.mirrormebrooklyn.com/blogs.php,https://www.magicmirrorbrooklyn.com,301,
https://www.mirrormebrooklyn.com/blog-details.php,https://www.magicmirrorbrooklyn.com,301,
https://www.mirrormebrooklyn.com/inquiry.php,https://www.magicmirrorbrooklyn.com/get-pricing,301,
https://www.mirrormebrooklyn.com/contact-us.php,https://www.magicmirrorbrooklyn.com/contact,301,
https://www.mirrormebrooklyn.com/privacy.php,https://www.magicmirrorbrooklyn.com/privacy,301,
https://www.mirrormebrooklyn.com/packages.php,https://www.magicmirrorbrooklyn.com/get-pricing,301,
https://www.mirrormebrooklyn.com/flower_walls.php,https://www.magicmirrorbrooklyn.com/flower-wall-rental,301,
https://www.mirrormebrooklyn.com/wov_mirror.php,https://www.magicmirrorbrooklyn.com/mirror-photo-booth,301,
https://www.mirrormebrooklyn.com/wov_digital.php,https://www.magicmirrorbrooklyn.com/studio-booth,301,
https://www.mirrormebrooklyn.com/wov_360x.php,https://www.magicmirrorbrooklyn.com/360-photo-booth,301,
https://www.mirrormebrooklyn.com/wov_xceptiona.php,https://www.magicmirrorbrooklyn.com/mirror-photo-booth,301,
https://www.mirrormebrooklyn.com/experience.php,https://www.magicmirrorbrooklyn.com/photo-booths,301,
https://www.mirrormebrooklyn.com/corporate.php,https://www.magicmirrorbrooklyn.com/corporate-events,301,
