old_path,new_path
/services/,/
/services/corporate-experience/,/corporate-events
/services/corporate-experience/ai-photobooth/,/ai-photo-booth
/services/corporate-experience/3d-slider-booth-experience/,/3d-slider-booth
/services/corporate-experience/gif-booth/,/gif-booth
/services/corporate-experience/360-video-booth/,/360-photo-booth
/services/corporate-experience/green-screen-booth-experience/,/green-screen-photo-booth
/services/corporate-experience/magazine-booth/,/magazine-booth
/services/corporate-experience/mosaic-photo-wall/,/mosaic-wall
/services/corporate-experience/roaming-experience/,/roaming-photo-booth
/services/corporate-experience/vogue-booth-corporate/,/vogue-booth
/services/corporate-experience/studion-booth-corporate/,/studio-booth
/services/corporate-experience/champagne-experience/,/champagne-wall
/services/corporate-experience/branded-photobooth/,/branded-photo-booth
/services/weddings/,/wedding-photo-booth
/services/weddings/360-photo-experience/,/360-photo-booth
/services/weddings/flower-wall-experience/,/flower-wall-rental
/services/weddings/flower-wall-experience/flower-arch/,/flower-wall-rental
/services/weddings/flower-wall-experience/flower-booth/,/flower-wall-rental
/services/weddings/flower-wall-experience/flower-wall/,/flower-wall-rental
/services/weddings/champagne-wall/,/champagne-wall
/services/weddings/glam-booth/,/glam-booth
/services/weddings/magazine-booth/,/magazine-booth
/services/weddings/mirror-experience/,/mirror-photo-booth
/services/weddings/mosaic-photo-wall-corporate/,/mosaic-wall
/services/weddings/roaming-booth/,/roaming-photo-booth
/services/weddings/vogue-booth/,/vogue-booth
/services/brand-activation/,/branded-photo-booth
/services/branded-booth/,/branded-photo-booth
/services/trade-show-experiences/,/trade-show-photo-booth
/services/custom-signs-services/,/contact
/services/custom-signs-services/acrylic-sign/,/contact
/services/custom-signs-services/neon-sign/,/contact
/services/custom-signs-services/pvc-sign/,/contact
/services/custom-signs-services/wooden-sign/,/contact
/services/flower-walls/,/flower-wall-rental
/services/ai-photobooth-experience/,/ai-photo-booth
/services/glambot/,/glambot
/services/event-rentals/,/corporate-events
/template-designs/,/gallery
/about-us/,/about
/contact/,/contact
/photo-booth-team-brooklyn/,/about
/blog/,/
/why-corporate-photo-booths-boost-engagement/,/corporate-events
/glambot-red-carpet-experience/,/glambot
/photo-booth-events/,/special-occasions
/luxury-wedding-photo-booth-ideas-guests-remember/,/wedding-photo-booth
/how-brand-activation-photo-booths-drive-real-consumer-engagement/,/branded-photo-booth
/top-10-reasons-to-rent-a-magic-mirror-photo-booth-for-your-event-in-brooklyn/,/mirror-photo-booth
/photo-booth-vs-magic-mirror-which-is-best-for-your-event/,/mirror-photo-booth
/magic-mirror-photo-booth-at-weddings-elevating-every-moment/,/wedding-photo-booth
/morbi-leo-urna-molestie-at-elementum-eu-facilisis/,/
/donec-massa-sapien-faucibus-et-molestie/,/
/quis-hendrerit-dolor-magna-eget-ostilamus-lorem/,/
/cursus-inhac-habitasse-platea-dictumst-quisque/,/
/diam-volutpat-commodo-egestas-fringilla/,/
/porttitor-egetdolor-morbi-nonarcu-risusquis/,/
/pulvinar-mattis-nunc-sedblandit-libero-volutpat/,/
/tincidunt-augue-interdum-wuismod-pellentesque/,/
/glambot-photo-video-capture-in-brooklyn-ny/,/photo-booth-rental-brooklyn
/glambot-photo-video-capture-in-manhattan-ny/,/photo-booth-rental-manhattan
/glambot-photo-video-capture-in-queens-ny/,/photo-booth-rental-queens
/glambot-photo-video-capture-in-bronx-ny/,/photo-booth-rental-bronx
/glambot-photo-video-capture-in-staten-island-ny/,/photo-booth-rental-staten-island
/glambot-photo-video-capture-in-new-york-city-ny/,/
/glambot-photo-video-capture-in-new-york-city/,/
/flower-wall-photo-experience-in-brooklyn-ny/,/photo-booth-rental-brooklyn
/flower-wall-photo-experience-in-manhattan-ny/,/photo-booth-rental-manhattan
/flower-wall-photo-experience-in-queens-ny/,/photo-booth-rental-queens
/flower-wall-photo-experience-in-bronx-ny/,/photo-booth-rental-bronx
/flower-wall-photo-experience-in-staten-island-ny/,/photo-booth-rental-staten-island
/flower-wall-photo-experience-in-new-york-city-ny/,/
/flower-wall-photo-experience-in-new-york-city/,/
/custom-photo-signage-backdrops-in-brooklyn-ny/,/photo-booth-rental-brooklyn
/custom-photo-signage-backdrops-in-manhattan-ny/,/photo-booth-rental-manhattan
/custom-photo-signage-backdrops-in-queens-ny/,/photo-booth-rental-queens
/custom-photo-signage-backdrops-in-bronx-ny/,/photo-booth-rental-bronx
/custom-photo-signage-backdrops-in-staten-island-ny/,/photo-booth-rental-staten-island
/custom-photo-signage-backdrops-in-new-york-city-ny/,/
/custom-photo-signage-backdrops-in-new-york-city/,/
/event-photo-rentals-in-brooklyn-ny/,/photo-booth-rental-brooklyn
/event-photo-rentals-in-manhattan-ny/,/photo-booth-rental-manhattan
/event-photo-rentals-in-queens-ny/,/photo-booth-rental-queens
/event-photo-rentals-in-bronx-ny/,/photo-booth-rental-bronx
/event-photo-rentals-in-staten-island-ny/,/photo-booth-rental-staten-island
/event-photo-rentals-in-new-york-city-ny/,/
/event-photo-rentals-in-new-york-city/,/
/trade-show-photo-experiences-in-brooklyn-ny/,/photo-booth-rental-brooklyn
/trade-show-photo-experiences-in-manhattan-ny/,/photo-booth-rental-manhattan
/trade-show-photo-experiences-in-queens-ny/,/photo-booth-rental-queens
/trade-show-photo-experiences-in-bronx-ny/,/photo-booth-rental-bronx
/trade-show-photo-experiences-in-staten-island-ny/,/photo-booth-rental-staten-island
/trade-show-photo-experiences-in-new-york-city-ny/,/
/trade-show-photo-experiences-in-new-york-city/,/
/ai-photo-booth-experience-in-brooklyn-ny/,/photo-booth-rental-brooklyn
/ai-photo-booth-experience-in-manhattan-ny/,/photo-booth-rental-manhattan
/ai-photo-booth-experience-in-queens-ny/,/photo-booth-rental-queens
/ai-photo-booth-experience-in-bronx-ny/,/photo-booth-rental-bronx
/ai-photo-booth-experience-in-staten-island-ny/,/photo-booth-rental-staten-island
/ai-photo-booth-experience-in-new-york-city-ny/,/
/ai-photo-booth-experience-in-new-york-city/,/
/brand-activation-photo-experiences-in-brooklyn-ny/,/photo-booth-rental-brooklyn
/brand-activation-photo-experiences-in-manhattan-ny/,/photo-booth-rental-manhattan
/brand-activation-photo-experiences-in-queens-ny/,/photo-booth-rental-queens
/brand-activation-photo-experiences-in-bronx-ny/,/photo-booth-rental-bronx
/brand-activation-photo-experiences-in-staten-island-ny/,/photo-booth-rental-staten-island
/brand-activation-photo-experiences-in-new-york-city-ny/,/
/brand-activation-photo-experiences-in-new-york-city/,/
/corporate-photo-experiences-in-brooklyn-ny/,/photo-booth-rental-brooklyn
/corporate-photo-experiences-in-manhattan-ny/,/photo-booth-rental-manhattan
/corporate-photo-experiences-in-queens-ny/,/photo-booth-rental-queens
/corporate-photo-experiences-in-bronx-ny/,/photo-booth-rental-bronx
/corporate-photo-experiences-in-staten-island-ny/,/photo-booth-rental-staten-island
/corporate-photo-experiences-in-new-york-city-ny/,/
/corporate-photo-experiences-in-new-york-city/,/
/wedding-photo-experiences-in-brooklyn-ny/,/photo-booth-rental-brooklyn
/wedding-photo-experiences-in-manhattan-ny/,/photo-booth-rental-manhattan
/wedding-photo-experiences-in-queens-ny/,/photo-booth-rental-queens
/wedding-photo-experiences-in-bronx-ny/,/photo-booth-rental-bronx
/wedding-photo-experiences-in-staten-island-ny/,/photo-booth-rental-staten-island
/wedding-photo-experiences-in-new-york-city-ny/,/
/wedding-photo-experiences-in-new-york-city/,/
