old_url,new_url
https://www.mirrormebrooklyn.com/index.php,https://www.magicmirrorbrooklyn.com
https://www.mirrormebrooklyn.com/services.php,https://www.magicmirrorbrooklyn.com
https://www.mirrormebrooklyn.com/products.php,https://www.magicmirrorbrooklyn.com
https://www.mirrormebrooklyn.com/gallery.php,https://www.magicmirrorbrooklyn.com/gallery
https://www.mirrormebrooklyn.com/gallery-list.php,https://www.magicmirrorbrooklyn.com/gallery
https://www.mirrormebrooklyn.com/about.php,https://www.magicmirrorbrooklyn.com/about
https://www.mirrormebrooklyn.com/faq.php,https://www.magicmirrorbrooklyn.com/faq
https://www.mirrormebrooklyn.com/testimonials.php,https://www.magicmirrorbrooklyn.com/testimonials
https://www.mirrormebrooklyn.com/blogs.php,https://www.magicmirrorbrooklyn.com
https://www.mirrormebrooklyn.com/blog-details.php,https://www.magicmirrorbrooklyn.com
https://www.mirrormebrooklyn.com/inquiry.php,https://www.magicmirrorbrooklyn.com/get-pricing
https://www.mirrormebrooklyn.com/contact-us.php,https://www.magicmirrorbrooklyn.com/contact
https://www.mirrormebrooklyn.com/privacy.php,https://www.magicmirrorbrooklyn.com/privacy
https://www.mirrormebrooklyn.com/packages.php,https://www.magicmirrorbrooklyn.com/get-pricing
https://www.mirrormebrooklyn.com/flower_walls.php,https://www.magicmirrorbrooklyn.com/flower-wall-rental
https://www.mirrormebrooklyn.com/wov_mirror.php,https://www.magicmirrorbrooklyn.com/mirror-photo-booth
https://www.mirrormebrooklyn.com/wov_digital.php,https://www.magicmirrorbrooklyn.com/studio-booth
https://www.mirrormebrooklyn.com/wov_360x.php,https://www.magicmirrorbrooklyn.com/360-photo-booth
https://www.mirrormebrooklyn.com/wov_xceptiona.php,https://www.magicmirrorbrooklyn.com/mirror-photo-booth
https://www.mirrormebrooklyn.com/experience.php?page=10,https://www.magicmirrorbrooklyn.com/branded-photo-booth
https://www.mirrormebrooklyn.com/experience.php,https://www.magicmirrorbrooklyn.com
https://www.mirrormebrooklyn.com/corporate.php?page=9,https://www.magicmirrorbrooklyn.com/wedding-photo-booth
https://www.mirrormebrooklyn.com/corporate.php?page=10,https://www.magicmirrorbrooklyn.com/special-occasions
https://www.mirrormebrooklyn.com/corporate.php?page=12,https://www.magicmirrorbrooklyn.com/branded-photo-booth
https://www.mirrormebrooklyn.com/corporate.php?page=19,https://www.magicmirrorbrooklyn.com/vogue-booth
https://www.mirrormebrooklyn.com/corporate.php?page=20,https://www.magicmirrorbrooklyn.com/roaming-photo-booth
https://www.mirrormebrooklyn.com/corporate.php?page=21,https://www.magicmirrorbrooklyn.com/mosaic-wall
https://www.mirrormebrooklyn.com/corporate.php?page=22,https://www.magicmirrorbrooklyn.com/mirror-photo-booth
https://www.mirrormebrooklyn.com/corporate.php?page=23,https://www.magicmirrorbrooklyn.com/green-screen-photo-booth
https://www.mirrormebrooklyn.com/corporate.php?page=24,https://www.magicmirrorbrooklyn.com/360-photo-booth
https://www.mirrormebrooklyn.com/corporate.php,https://www.magicmirrorbrooklyn.com/corporate-events
